user_id,date,heart_rate,resting_heart_rate,hrv,sleep_hours,sleep_score,steps,active_minutes,calories_burned,spo2,respiratory_rate,stress_level,body_temperature
TEST_U01,2025-06-01,66.5,57.5,60.8,7.7,77.8,10485,66,2457,98.2,14.9,22,36.6
TEST_U01,2025-06-02,67.7,58.1,57.5,8.1,80.9,9413,62,2541,98.1,14.6,24,36.6
TEST_U01,2025-06-03,72.4,57.8,60.8,6.9,84.5,9654,55,2605,98.2,14.7,23,36.7
TEST_U01,2025-06-04,71.0,55.7,64.9,7.6,80.4,9322,55,2477,98.1,14.5,25,36.8
TEST_U01,2025-06-05,77.4,55.4,65.2,7.5,83.4,8968,59,2482,98.2,14.3,25,36.5
TEST_U01,2025-06-06,72.5,57.4,62.6,7.7,77.8,9741,62,2404,98.0,13.8,30,36.6
TEST_U01,2025-06-07,67.1,58.8,55.7,7.4,90.1,9931,63,2361,98.0,14.2,27,36.7
TEST_U01,2025-06-08,72.2,60.1,57.8,7.6,88.9,10994,62,2270,98.1,14.2,20,36.6
TEST_U01,2025-06-09,73.4,60.7,49.3,6.1,72.0,8109,41,2158,97.6,15.2,43,36.7
TEST_U01,2025-06-10,77.3,60.1,47.6,6.4,63.9,7449,40,2164,97.6,15.7,43,36.7
TEST_U01,2025-06-11,73.3,60.8,52.5,6.3,61.8,7936,32,2212,97.8,16.1,44,36.8
TEST_U01,2025-06-12,75.3,63.4,51.0,6.4,62.7,8440,36,2264,98.0,15.5,44,36.9
TEST_U01,2025-06-13,74.5,61.6,61.1,8.1,80.6,9671,60,2589,98.2,14.6,26,36.7
TEST_U01,2025-06-14,74.3,58.9,62.2,8.1,84.7,10108,61,2436,97.7,14.9,19,36.6
TEST_U01,2025-06-15,69.6,62.8,58.4,7.4,83.6,10528,55,2417,97.7,14.1,24,36.6
TEST_U01,2025-06-16,75.6,62.5,63.7,7.8,81.6,9691,58,2500,97.7,14.9,28,36.6
TEST_U01,2025-06-17,73.6,56.4,65.6,7.8,84.4,10094,57,2389,97.8,14.6,23,36.6
TEST_U01,2025-06-18,71.9,57.2,69.2,7.4,85.5,10934,56,2466,98.2,14.9,17,36.5
TEST_U01,2025-06-19,75.5,66.5,59.0,6.7,73.5,10104,49,2485,97.5,16.6,62,36.7
TEST_U01,2025-06-20,79.9,65.3,50.7,6.8,64.7,8682,43,2465,97.7,15.9,65,36.6
TEST_U01,2025-06-21,79.2,63.0,42.9,6.8,73.1,9573,46,2398,97.6,15.6,60,36.9
TEST_U01,2025-06-22,76.7,63.4,48.0,6.8,68.9,9190,55,2334,97.7,15.6,59,36.8
TEST_U01,2025-06-23,78.5,60.5,48.1,7.1,69.7,9571,42,2361,98.0,15.5,60,36.8
TEST_U01,2025-06-24,82.3,63.1,44.0,7.5,69.5,9634,43,2376,97.8,16.0,65,36.7
TEST_U01,2025-06-25,82.2,66.8,44.6,6.2,58.0,7150,29,2103,96.7,16.5,69,36.9
TEST_U01,2025-06-26,80.6,67.8,46.9,5.8,56.2,6626,37,2120,96.5,16.7,68,36.9
TEST_U01,2025-06-27,82.4,68.2,43.8,5.7,62.2,6766,35,2245,96.3,17.0,70,36.9
TEST_U01,2025-06-28,72.3,62.3,55.5,6.0,71.2,7463,44,2173,97.5,15.0,43,36.6
TEST_U01,2025-06-29,70.2,57.7,64.9,7.9,85.6,10145,55,2429,98.1,14.5,17,36.6
TEST_U01,2025-06-30,72.7,58.8,66.3,7.6,84.2,10466,49,2381,98.0,13.5,20,36.6
TEST_U02,2025-06-01,77.4,61.5,53.9,7.3,83.7,7635,47,2355,97.5,15.1,35,36.7
TEST_U02,2025-06-02,75.0,63.9,54.0,7.5,87.8,8445,45,2317,97.5,15.3,34,36.7
TEST_U02,2025-06-03,74.9,64.3,47.9,7.0,83.7,8746,40,2444,97.0,15.1,38,36.7
TEST_U02,2025-06-04,75.5,62.8,50.1,7.4,84.5,8518,40,2317,97.4,14.9,32,36.7
TEST_U02,2025-06-05,77.2,63.4,46.0,7.2,82.6,8077,45,2319,97.4,15.3,32,36.7
TEST_U02,2025-06-06,87.2,69.9,28.5,6.5,60.0,5476,35,2342,97.3,17.7,75,36.9
TEST_U02,2025-06-07,83.6,71.1,33.9,6.4,62.7,6232,31,2365,97.3,17.7,77,36.9
TEST_U02,2025-06-08,81.6,69.0,40.6,6.7,62.2,6275,36,2416,97.3,17.9,77,36.8
TEST_U02,2025-06-09,78.9,69.0,32.7,6.9,68.5,7461,33,2321,97.5,16.9,70,36.9
TEST_U02,2025-06-10,79.8,67.2,36.0,7.0,62.4,6800,36,2197,97.0,17.1,68,36.8
TEST_U02,2025-06-11,80.2,71.0,37.0,6.4,60.1,6658,33,2254,96.8,17.7,71,36.8
TEST_U02,2025-06-12,83.3,75.2,30.7,6.3,50.6,4635,23,2090,95.7,18.5,71,37.0
TEST_U02,2025-06-13,83.9,72.6,30.6,6.3,54.0,5136,22,2110,95.8,18.5,75,37.0
TEST_U02,2025-06-14,77.0,73.7,29.9,5.3,50.0,4282,21,1998,96.4,17.6,73,37.0
TEST_U02,2025-06-15,81.8,71.6,27.0,6.0,48.9,4215,25,2038,96.0,17.9,81,37.0
TEST_U02,2025-06-16,82.3,70.8,28.3,5.3,48.1,4064,25,2083,96.3,17.7,78,37.0
TEST_U02,2025-06-17,77.4,67.1,30.9,7.1,56.2,5560,26,2191,96.9,15.7,49,36.7
TEST_U02,2025-06-18,76.5,66.8,37.2,6.5,58.8,6043,28,2225,96.5,17.0,50,36.8
TEST_U02,2025-06-19,77.3,66.1,41.0,6.3,55.0,5612,24,2196,97.0,16.2,58,36.8
TEST_U02,2025-06-20,82.7,66.4,41.2,5.8,61.7,5862,26,2031,97.0,16.1,51,36.8
TEST_U02,2025-06-21,78.5,67.4,44.8,6.6,68.6,6054,23,2220,97.3,16.7,55,36.7
TEST_U02,2025-06-22,77.4,66.1,39.1,6.2,61.5,6053,24,2035,97.3,15.6,51,36.8
TEST_U02,2025-06-23,75.3,62.9,47.5,7.5,78.1,8010,43,2226,97.6,15.1,33,36.7
TEST_U02,2025-06-24,74.1,63.6,44.0,7.5,74.2,8461,50,2151,97.8,15.3,38,36.7
TEST_U02,2025-06-25,78.4,62.6,46.8,7.0,76.4,7582,49,2194,97.6,15.5,38,36.8
TEST_U02,2025-06-26,76.2,62.4,52.4,7.4,74.2,7214,43,2278,97.4,15.4,37,36.7
TEST_U02,2025-06-27,73.9,61.5,53.4,7.2,77.8,6379,50,2270,97.6,15.1,34,36.7
TEST_U02,2025-06-28,78.9,62.6,48.7,7.2,77.8,6685,49,2247,97.3,15.0,33,36.7
TEST_U02,2025-06-29,79.0,63.7,49.1,7.3,74.2,7799,45,2114,97.6,15.9,36,36.7
TEST_U02,2025-06-30,75.2,64.1,52.1,7.8,76.1,7739,44,2160,97.7,14.9,36,36.7
TEST_U03,2025-06-01,80.5,72.2,29.8,6.1,53.8,4418,16,2007,96.4,16.9,53,36.8
TEST_U03,2025-06-02,80.4,71.6,25.9,5.8,50.2,4079,17,1974,96.4,16.8,56,36.7
TEST_U03,2025-06-03,82.7,73.3,26.7,6.4,52.7,4067,15,1902,96.7,16.7,57,36.8
TEST_U03,2025-06-04,81.3,73.1,30.8,5.8,54.0,4146,13,1999,96.5,16.7,59,36.8
TEST_U03,2025-06-05,82.7,73.9,32.0,6.0,56.9,4619,17,1942,96.6,16.0,64,36.7
TEST_U03,2025-06-06,80.2,70.2,24.3,6.0,53.0,4833,13,2022,96.6,16.7,61,36.7
TEST_U03,2025-06-07,80.5,65.5,40.2,7.4,74.3,6952,28,2138,97.2,15.7,41,36.6
TEST_U03,2025-06-08,80.0,69.8,41.1,6.9,70.3,6430,31,2075,97.2,16.2,40,36.7
TEST_U03,2025-06-09,78.9,67.8,29.0,7.4,72.8,5752,39,2137,96.9,16.7,43,36.7
TEST_U03,2025-06-10,80.0,67.7,36.5,7.3,74.6,5573,31,2146,97.1,15.7,35,36.8
TEST_U03,2025-06-11,78.8,64.3,37.9,7.5,75.9,6383,31,2245,97.2,16.2,38,36.8
TEST_U03,2025-06-12,75.2,67.1,43.7,7.4,77.4,6817,34,2178,96.9,16.1,39,36.8
TEST_U03,2025-06-13,88.6,73.5,25.8,6.4,54.2,4963,29,2220,96.6,17.7,74,36.9
TEST_U03,2025-06-14,88.0,71.4,25.0,6.1,55.4,4469,28,2109,96.5,16.8,72,36.9
TEST_U03,2025-06-15,88.3,74.4,26.7,5.8,59.1,5861,25,2026,96.5,17.5,69,36.8
TEST_U03,2025-06-16,87.0,70.9,31.9,5.9,58.3,5896,22,2101,96.5,18.0,75,36.9
TEST_U03,2025-06-17,91.8,73.1,24.8,6.2,61.4,5953,21,2114,96.5,17.2,77,36.8
TEST_U03,2025-06-18,89.9,73.7,19.9,6.0,55.6,6241,15,2256,96.7,17.5,79,36.8
TEST_U03,2025-06-19,91.2,75.1,16.7,5.2,46.0,3636,5,1836,95.1,18.4,85,37.2
TEST_U03,2025-06-20,86.6,76.7,22.6,5.1,44.4,4694,7,1893,95.3,18.3,83,37.0
TEST_U03,2025-06-21,86.2,77.9,19.8,5.1,41.5,3272,5,1938,95.4,18.0,83,37.0
TEST_U03,2025-06-22,88.3,78.8,15.2,5.2,47.2,3797,6,1741,95.6,18.6,85,37.0
TEST_U03,2025-06-23,85.1,77.9,20.5,5.1,42.4,3792,5,1764,95.4,18.8,81,37.0
TEST_U03,2025-06-24,90.9,77.6,23.3,5.5,47.4,2913,6,1910,95.6,18.7,84,37.0
TEST_U03,2025-06-25,82.9,70.1,33.4,6.2,53.2,4340,15,1975,96.6,16.6,59,36.8
TEST_U03,2025-06-26,80.5,70.4,34.2,5.8,54.2,4678,11,1896,96.8,17.1,65,36.7
TEST_U03,2025-06-27,79.3,73.7,27.6,5.7,54.3,4349,19,1875,97.0,17.3,57,36.8
TEST_U03,2025-06-28,79.0,68.4,30.6,7.2,74.0,6715,34,2081,97.0,15.9,34,36.6
TEST_U03,2025-06-29,77.1,66.5,40.5,7.0,65.9,7170,35,2032,96.6,16.6,34,36.7
TEST_U03,2025-06-30,79.1,66.0,46.7,7.4,69.2,6991,29,1998,96.9,16.3,37,36.7
